{
  "adjustments": {},
  "album_info": [],
  "albums": [],
  "burst": false,
  "burst_album_info": [],
  "burst_albums": [],
  "burst_default_pick": false,
  "burst_key": false,
  "burst_photos": [],
  "burst_selected": false,
  "cloud_guid": "Aa8NK5zeBNqtsfMp1CtGpTfwMbBx",
  "cloud_metadata": {
    "ColorModel": "RGB",
    "DPIHeight": 180.0,
    "DPIWidth": 180.0,
    "Depth": 8,
    "Orientation": 1,
    "PixelHeight": 2448,
    "PixelWidth": 3264,
    "ProfileName": "sRGB IEC61966-2.1",
    "RKFileUTType": "public.jpeg",
    "{ExifAux}": {
      "AFInfo": [
        0.22999998927116394,
        0.5900000333786011,
        0.18000000715255737,
        0.18000000715255737,
        "n",
        0.4099999964237213,
        0.5900000333786011,
        0.18000000715255737,
        0.18000000715255737,
        "n",
        0.5900000333786011,
        0.5900000333786011,
        0.18000000715255737,
        0.18000000715255737,
        "f",
        0.22999998927116394,
        0.4099999964237213,
        0.18000000715255737,
        0.18000000715255737,
        "n",
        0.4099999964237213,
        0.4099999964237213,
        0.18000000715255737,
        0.18000000715255737,
        "n",
        0.5900000333786011,
        0.4099999964237213,
        0.18000000715255737,
        0.18000000715255737,
        "n",
        0.22999998927116394,
        0.22999998927116394,
        0.18000000715255737,
        0.18000000715255737,
        "n",
        0.4099999964237213,
        0.22999998927116394,
        0.18000000715255737,
        0.18000000715255737,
        "n",
        0.5900000333786011,
        0.22999998927116394,
        0.18000000715255737,
        0.18000000715255737,
        "n"
      ],
      "Firmware": "Firmware Version 1.01",
      "FlashCompensation": 0.0,
      "FocusMode": 1,
      "ImageStabilization": 259,
      "LensInfo": [
        5.8, 23.2, 0.0, 0.0, 5.800000190734863, 23.200000762939453, 0.0, 0.0
      ],
      "LensModel": " 5.8-23.2mm"
    },
    "{Exif}": {
      "ApertureValue": 2.75,
      "ColorSpace": 1,
      "ComponentsConfiguration": [1, 2, 3, 0],
      "CompressedBitsPerPixel": 5.0,
      "CustomRendered": 0,
      "DateTimeDigitized": "1980:01:01 00:00:05",
      "DateTimeOriginal": "1980:01:01 00:00:05",
      "DigitalZoomRatio": 1.0,
      "ExifVersion": [2, 2],
      "ExposureBiasValue": 0.0,
      "ExposureMode": 0,
      "ExposureTime": 0.016666666666666666,
      "FNumber": 2.6,
      "FileSource": 3,
      "Flash": 89,
      "FlashPixVersion": [1, 0],
      "FocalLength": 5.8,
      "FocalPlaneResolutionUnit": 2,
      "FocalPlaneXResolution": 14506.666666666666,
      "FocalPlaneYResolution": 14485.207100591717,
      "ISOSpeedRatings": [200],
      "MaxApertureValue": 2.75,
      "MeteringMode": 5,
      "PixelXDimension": 3264,
      "PixelYDimension": 2448,
      "SceneCaptureType": 0,
      "SensingMethod": 2,
      "ShutterSpeedValue": 5.90625,
      "WhiteBalance": 0
    },
    "{MakerCanon}": {
      "ContinuousDrive": 0,
      "ImageSerialNumber": 1002060,
      "MaxAperture": 2.5936791093020193,
      "MinAperture": 10.952019383796724,
      "UniqueModelID": 37224448,
      "WhiteBalanceIndex": 0
    },
    "{TIFF}": {
      "DateTime": "1980:01:01 00:00:05",
      "Make": "Canon",
      "Model": "Canon PowerShot A590 IS",
      "Orientation": 1,
      "ResolutionUnit": 2,
      "XResolution": 180.0,
      "YResolution": 180.0
    }
  },
  "cloud_owner_hashed_id": null,
  "comments": [],
  "date": "1980-01-01T00:00:05-08:00",
  "date_added": "2016-02-29T17:52:54.959194-08:00",
  "date_modified": null,
  "date_original": "1980-01-01T00:00:05-08:00",
  "date_trashed": null,
  "description": null,
  "exif_info": {
    "aperture": 2.6,
    "bit_rate": null,
    "camera_make": "Canon",
    "camera_model": "Canon PowerShot A590 IS",
    "codec": null,
    "date": "1980-01-01T00:00:05-08:00",
    "duration": null,
    "exposure_bias": 0.0,
    "flash_fired": false,
    "focal_length": 5.8,
    "fps": null,
    "iso": 200,
    "latitude": null,
    "lens_model": " 5.8-23.2mm",
    "longitude": null,
    "metering_mode": 5,
    "sample_rate": null,
    "shutter_speed": 0.01666667,
    "track_format": null,
    "tzname": "America/Los_Angeles",
    "tzoffset": -28800,
    "white_balance": 0
  },
  "external_edit": false,
  "face_info": [
    {
      "_person_pk": 23451,
      "_pk": 35640,
      "age_type": 3,
      "asset_uuid": "EAE0436B-2C96-40D7-83E9-4B0DF168E0C3",
      "center": [2105, 770],
      "center_x": 0.64501953125,
      "center_y": 0.6852213554084301,
      "eye_makeup_type": 0,
      "eye_state": 2,
      "face_rect": [
        [2017.6425750851631, 682.6425750851631],
        [2192.357424914837, 857.3574249148369]
      ],
      "face_type": null,
      "facial_hair_type": 1,
      "gender_type": 1,
      "glasses_type": 3,
      "hair_color_type": 3,
      "has_smile": 1,
      "intrash": 0,
      "lip_makeup_type": 0,
      "manual": 0,
      "mpri_reg_rect": {
        "h": 0.05352783389389515,
        "w": 0.0713704451918602,
        "x": 0.6182556143030524,
        "y": 0.2790934219956398
      },
      "mwg_rs_area": {
        "h": 0.0713704451918602,
        "w": 0.05352783389389515,
        "x": 0.64501953125,
        "y": 0.3147786445915699
      },
      "name": "",
      "pitch": 0,
      "quality": 0.376220703125,
      "roll": 0.0043862261809408665,
      "size": 0.05352783389389515,
      "smile_type": 2,
      "source_height": 2448,
      "source_width": 3264,
      "uuid": "6AE512E9-E4C2-49B1-AD1E-D3CA4D4CEB2A",
      "yaw": 0
    },
    {
      "_person_pk": 51562,
      "_pk": 89400,
      "age_type": 0,
      "asset_uuid": "EAE0436B-2C96-40D7-83E9-4B0DF168E0C3",
      "center": [0, 2448],
      "center_x": 0.0,
      "center_y": 0.0,
      "eye_makeup_type": 0,
      "eye_state": 0,
      "face_rect": [
        [0.0, 2448.0],
        [0.0, 2448.0]
      ],
      "face_type": null,
      "facial_hair_type": 0,
      "gender_type": 0,
      "glasses_type": 0,
      "hair_color_type": 0,
      "has_smile": 0,
      "intrash": 0,
      "lip_makeup_type": 0,
      "manual": 0,
      "mpri_reg_rect": {
        "h": 0.0,
        "w": 0.0,
        "x": 0.0,
        "y": 1.0
      },
      "mwg_rs_area": {
        "h": 0.0,
        "w": 0.0,
        "x": 0.0,
        "y": 1.0
      },
      "name": "",
      "pitch": 0,
      "quality": -1.0,
      "roll": 0.0,
      "size": 0.0,
      "smile_type": 0,
      "source_height": 2448,
      "source_width": 3264,
      "uuid": "D411BEF2-D7CF-4D31-924F-B2881C3B99F4",
      "yaw": 0
    },
    {
      "_person_pk": 55466,
      "_pk": 89410,
      "age_type": 0,
      "asset_uuid": "EAE0436B-2C96-40D7-83E9-4B0DF168E0C3",
      "center": [0, 2448],
      "center_x": 0.0,
      "center_y": 0.0,
      "eye_makeup_type": 0,
      "eye_state": 0,
      "face_rect": [
        [0.0, 2448.0],
        [0.0, 2448.0]
      ],
      "face_type": null,
      "facial_hair_type": 0,
      "gender_type": 0,
      "glasses_type": 0,
      "hair_color_type": 0,
      "has_smile": 0,
      "intrash": 0,
      "lip_makeup_type": 0,
      "manual": 0,
      "mpri_reg_rect": {
        "h": 0.0,
        "w": 0.0,
        "x": 0.0,
        "y": 1.0
      },
      "mwg_rs_area": {
        "h": 0.0,
        "w": 0.0,
        "x": 0.0,
        "y": 1.0
      },
      "name": "",
      "pitch": 0,
      "quality": -1.0,
      "roll": 0.0,
      "size": 0.0,
      "smile_type": 0,
      "source_height": 2448,
      "source_width": 3264,
      "uuid": "557B1880-FCC1-463D-B5EE-23673233F84F",
      "yaw": 0
    },
    {
      "_person_pk": 53869,
      "_pk": 89411,
      "age_type": 0,
      "asset_uuid": "EAE0436B-2C96-40D7-83E9-4B0DF168E0C3",
      "center": [0, 2448],
      "center_x": 0.0,
      "center_y": 0.0,
      "eye_makeup_type": 0,
      "eye_state": 0,
      "face_rect": [
        [0.0, 2448.0],
        [0.0, 2448.0]
      ],
      "face_type": null,